[
{
  "pk": 1, 
  "model": "dynamic_scraper.scrapedobjclass", 
  "fields": {
    "checker_scheduler_conf": "\"MIN_TIME\": 1440,\r\n\"MAX_TIME\": 10080,\r\n\"INITIAL_NEXT_ACTION_FACTOR\": 1,\r\n\"ZERO_ACTIONS_FACTOR_CHANGE\": 5,\r\n\"FACTOR_CHANGE_FACTOR\": 1.3,\r\n", 
    "scraper_scheduler_conf": "\"MIN_TIME\": 15,\r\n\"MAX_TIME\": 10080,\r\n\"INITIAL_NEXT_ACTION_FACTOR\": 10,\r\n\"ZERO_ACTIONS_FACTOR_CHANGE\": 20,\r\n\"FACTOR_CHANGE_FACTOR\": 1.3,\r\n", 
    "name": "Listing", 
    "comments": ""
  }
},
{
  "pk": 1, 
  "model": "dynamic_scraper.scrapedobjattr", 
  "fields": {
    "obj_class": 1, 
    "name": "base", 
    "attr_type": "B"
  }
},
{
  "pk": 2, 
  "model": "dynamic_scraper.scrapedobjattr", 
  "fields": {
    "obj_class": 1, 
    "name": "title", 
    "attr_type": "S"
  }
},
{
  "pk": 3, 
  "model": "dynamic_scraper.scrapedobjattr", 
  "fields": {
    "obj_class": 1, 
    "name": "description", 
    "attr_type": "S"
  }
},
{
  "pk": 4, 
  "model": "dynamic_scraper.scrapedobjattr", 
  "fields": {
    "obj_class": 1, 
    "name": "url", 
    "attr_type": "U"
  }
},
{
  "pk": 5, 
  "model": "dynamic_scraper.scrapedobjattr", 
  "fields": {
    "obj_class": 1, 
    "name": "last_updated_date", 
    "attr_type": "T"
  }
},
{
  "pk": 6, 
  "model": "dynamic_scraper.scrapedobjattr", 
  "fields": {
    "obj_class": 1, 
    "name": "address", 
    "attr_type": "S"
  }
},
{
  "pk": 8, 
  "model": "dynamic_scraper.scrapedobjattr", 
  "fields": {
    "obj_class": 1, 
    "name": "city", 
    "attr_type": "S"
  }
},
{
  "pk": 9, 
  "model": "dynamic_scraper.scrapedobjattr", 
  "fields": {
    "obj_class": 1, 
    "name": "state", 
    "attr_type": "S"
  }
},
{
  "pk": 11, 
  "model": "dynamic_scraper.scrapedobjattr", 
  "fields": {
    "obj_class": 1, 
    "name": "lat", 
    "attr_type": "S"
  }
},
{
  "pk": 12, 
  "model": "dynamic_scraper.scrapedobjattr", 
  "fields": {
    "obj_class": 1, 
    "name": "lng", 
    "attr_type": "S"
  }
},
{
  "pk": 13, 
  "model": "dynamic_scraper.scrapedobjattr", 
  "fields": {
    "obj_class": 1, 
    "name": "bedroom_count", 
    "attr_type": "S"
  }
},
{
  "pk": 14, 
  "model": "dynamic_scraper.scrapedobjattr", 
  "fields": {
    "obj_class": 1, 
    "name": "bathroom_count", 
    "attr_type": "S"
  }
},
{
  "pk": 15, 
  "model": "dynamic_scraper.scrapedobjattr", 
  "fields": {
    "obj_class": 1, 
    "name": "sqfeet", 
    "attr_type": "S"
  }
},
{
  "pk": 16, 
  "model": "dynamic_scraper.scrapedobjattr", 
  "fields": {
    "obj_class": 1, 
    "name": "price", 
    "attr_type": "S"
  }
},
{
  "pk": 17, 
  "model": "dynamic_scraper.scrapedobjattr", 
  "fields": {
    "obj_class": 1, 
    "name": "broker_fee", 
    "attr_type": "S"
  }
},
{
  "pk": 18, 
  "model": "dynamic_scraper.scrapedobjattr", 
  "fields": {
    "obj_class": 1, 
    "name": "contact_name", 
    "attr_type": "S"
  }
},
{
  "pk": 19, 
  "model": "dynamic_scraper.scrapedobjattr", 
  "fields": {
    "obj_class": 1, 
    "name": "contact_phone_number", 
    "attr_type": "S"
  }
},
{
  "pk": 20, 
  "model": "dynamic_scraper.scrapedobjattr", 
  "fields": {
    "obj_class": 1, 
    "name": "contact_email_address", 
    "attr_type": "S"
  }
},
{
  "pk": 21, 
  "model": "dynamic_scraper.scrapedobjattr", 
  "fields": {
    "obj_class": 1, 
    "name": "posted_date", 
    "attr_type": "S"
  }
},
{
  "pk": 22, 
  "model": "dynamic_scraper.scrapedobjattr", 
  "fields": {
    "obj_class": 1, 
    "name": "formatted_address", 
    "attr_type": "S"
  }
},
{
  "pk": 23, 
  "model": "dynamic_scraper.scrapedobjattr", 
  "fields": {
    "obj_class": 1, 
    "name": "amenities", 
    "attr_type": "S"
  }
},
{
  "pk": 1, 
  "model": "dynamic_scraper.scraper", 
  "fields": {
    "status": "A", 
    "pagination_page_replace": "//a[@class='button next']/@href", 
    "checker_ref_url": "", 
    "checker_x_path_result": "removed", 
    "name": "Craigslist Scraper", 
    "max_items_save": null, 
    "checker_x_path": "//*[@id=\"userbody\"]/div/@class", 
    "pagination_append_str": "", 
    "max_items_read": 20, 
    "pagination_on_start": false, 
    "pagination_type": "O", 
    "checker_type": "X", 
    "comments": "", 
    "content_type": "H", 
    "scraped_obj_class": 1
  }
},
{
  "pk": 2, 
  "model": "dynamic_scraper.scraper", 
  "fields": {
    "status": "M", 
    "pagination_page_replace": "", 
    "checker_ref_url": "", 
    "checker_x_path_result": "", 
    "name": "StreetEasy Contact Page Partial-Listing Scraper", 
    "max_items_save": null, 
    "checker_x_path": "", 
    "pagination_append_str": "", 
    "max_items_read": null, 
    "pagination_on_start": false, 
    "pagination_type": "N", 
    "checker_type": "N", 
    "comments": "", 
    "content_type": "H", 
    "scraped_obj_class": 1
  }
},
{
  "pk": 3, 
  "model": "dynamic_scraper.scraper", 
  "fields": {
    "status": "A", 
    "pagination_page_replace": "//*[@*='listing_block loadable unloaded'] ^|^ se:url=\"(.+)\"\\s", 
    "checker_ref_url": "http://streeteasy.com/nyc/rental/1111504-rental-331-east-33-street-kips-bay-new-york", 
    "checker_x_path_result": "RENTED", 
    "name": "StreetEasy Scraper", 
    "max_items_save": null, 
    "checker_x_path": "normalize-space(//div[contains(@class, 'status ')]/text()[1])", 
    "pagination_append_str": "", 
    "max_items_read": 20, 
    "pagination_on_start": false, 
    "pagination_type": "C", 
    "checker_type": "X", 
    "comments": "", 
    "content_type": "H", 
    "scraped_obj_class": 1
  }
},
{
  "pk": 4, 
  "model": "dynamic_scraper.scraper", 
  "fields": {
    "status": "A", 
    "pagination_page_replace": "1,3000,1", 
    "checker_ref_url": "http://www.padlister.com/listings/1", 
    "checker_x_path_result": "Hmm...", 
    "name": "PadLister Scraper", 
    "max_items_save": null, 
    "checker_x_path": "//*[@id=\"title_div\"]/text()", 
    "pagination_append_str": "/{page}.xml", 
    "max_items_read": 20, 
    "pagination_on_start": true, 
    "pagination_type": "R", 
    "checker_type": "X", 
    "comments": "", 
    "content_type": "H", 
    "scraped_obj_class": 1
  }
},
{
  "pk": 5, 
  "model": "dynamic_scraper.scraper", 
  "fields": {
    "status": "M",
    "pagination_page_replace": "", 
    "checker_ref_url": "", 
    "checker_x_path_result": "", 
    "name": "Craigslist Contact Page Partial-Listing Scraper", 
    "max_items_save": null, 
    "checker_x_path": "", 
    "pagination_append_str": "", 
    "max_items_read": null, 
    "pagination_on_start": false, 
    "pagination_type": "N", 
    "checker_type": "N", 
    "comments": "", 
    "content_type": "H", 
    "scraped_obj_class": 1
  }
},
{
  "pk": 1, 
  "model": "dynamic_scraper.scraperelem", 
  "fields": {
    "proc_ctxt": "", 
    "x_path": "//*[@class='row']/span[@class='pl']", 
    "processors": "", 
    "scraped_obj_attr": 1, 
    "scraper": 1, 
    "from_detail_page": false, 
    "mandatory": true, 
    "reg_exp": ""
  }
},
{
  "pk": 2, 
  "model": "dynamic_scraper.scraperelem", 
  "fields": {
    "proc_ctxt": "", 
    "x_path": "//*[@*='postingtitle']/text()[normalize-space(.)]", 
    "processors": "", 
    "scraped_obj_attr": 2, 
    "scraper": 1, 
    "from_detail_page": true, 
    "mandatory": true, 
    "reg_exp": ""
  }
},
{
  "pk": 3, 
  "model": "dynamic_scraper.scraperelem", 
  "fields": {
    "proc_ctxt": "", 
    "x_path": "//*[@*='postingbody']//text()", 
    "processors": "", 
    "scraped_obj_attr": 3, 
    "scraper": 1, 
    "from_detail_page": true, 
    "mandatory": true, 
    "reg_exp": ""
  }
},
{
  "pk": 4, 
  "model": "dynamic_scraper.scraperelem", 
  "fields": {
    "proc_ctxt": "'func':'nextlanding_api.apps.web_scraper.scrapy.processors.pre_url_from_ref_object'",
    "x_path": "a/@href", 
    "processors": "dynamic", 
    "scraped_obj_attr": 4, 
    "scraper": 1, 
    "from_detail_page": false, 
    "mandatory": true, 
    "reg_exp": ""
  }
},
{
  "pk": 5, 
  "model": "dynamic_scraper.scraperelem", 
  "fields": {
    "proc_ctxt": "", 
    "x_path": "//*[@*='postinginfo'][contains(.,'Updated')]/time/@datetime", 
    "processors": "", 
    "scraped_obj_attr": 5, 
    "scraper": 1, 
    "from_detail_page": true, 
    "mandatory": false, 
    "reg_exp": ""
  }
},
{
  "pk": 6, 
  "model": "dynamic_scraper.scraperelem", 
  "fields": {
    "proc_ctxt": "", 
    "x_path": "//*[@*='mapaddress']/text()", 
    "processors": "", 
    "scraped_obj_attr": 6, 
    "scraper": 1, 
    "from_detail_page": true, 
    "mandatory": true, 
    "reg_exp": ""
  }
},
{
  "pk": 7, 
  "model": "dynamic_scraper.scraperelem", 
  "fields": {
    "proc_ctxt": "", 
    "x_path": "//*[@*='cltags']/comment()[contains(.,'city')]", 
    "processors": "", 
    "scraped_obj_attr": 8, 
    "scraper": 1, 
    "from_detail_page": true, 
    "mandatory": true, 
    "reg_exp": "=(.+)\\s+-->"
  }
},
{
  "pk": 8, 
  "model": "dynamic_scraper.scraperelem", 
  "fields": {
    "proc_ctxt": "", 
    "x_path": "//*[@*='cltags']/comment()[contains(.,'region')]", 
    "processors": "", 
    "scraped_obj_attr": 9, 
    "scraper": 1, 
    "from_detail_page": true, 
    "mandatory": true, 
    "reg_exp": "=(.+)\\s+-->"
  }
},
{
  "pk": 9, 
  "model": "dynamic_scraper.scraperelem", 
  "fields": {
    "proc_ctxt": "", 
    "x_path": "//*[@id='map']/@data-latitude", 
    "processors": "", 
    "scraped_obj_attr": 11, 
    "scraper": 1, 
    "from_detail_page": true, 
    "mandatory": false, 
    "reg_exp": ""
  }
},
{
  "pk": 10, 
  "model": "dynamic_scraper.scraperelem", 
  "fields": {
    "proc_ctxt": "", 
    "x_path": "//*[@id='map']/@data-longitude", 
    "processors": "", 
    "scraped_obj_attr": 12, 
    "scraper": 1, 
    "from_detail_page": true, 
    "mandatory": false, 
    "reg_exp": ""
  }
},
{
  "pk": 15, 
  "model": "dynamic_scraper.scraperelem", 
  "fields": {
    "proc_ctxt": "", 
    "x_path": "//*[@*='cltags']//li[contains(.,'Listed By:')]/text()[normalize-space(.)]", 
    "processors": "", 
    "scraped_obj_attr": 18, 
    "scraper": 1, 
    "from_detail_page": true, 
    "mandatory": false, 
    "reg_exp": "Listed By: (.+)"
  }
},
{
  "pk": 16, 
  "model": "dynamic_scraper.scraperelem", 
  "fields": {
    "proc_ctxt": "", 
    "x_path": "//*[@*='cltags']//li[contains(.,'Listed By:')]/text()[normalize-space(.)]", 
    "processors": "", 
    "scraped_obj_attr": 19, 
    "scraper": 1, 
    "from_detail_page": true, 
    "mandatory": false, 
    "reg_exp": "Listed By: (.+)"
  }
},
{
  "pk": 17, 
  "model": "dynamic_scraper.scraperelem", 
  "fields": {
    "proc_ctxt": "'func':'nextlanding_api.apps.web_scraper.scrapy.processors.pre_url_from_ref_object'",
    "x_path": "//*[@class='replytext']/a/@href", 
    "processors": "dynamic", 
    "scraped_obj_attr": 20, 
    "scraper": 1, 
    "from_detail_page": true, 
    "mandatory": false, 
    "reg_exp": ""
  }
},
{
  "pk": 18, 
  "model": "dynamic_scraper.scraperelem", 
  "fields": {
    "proc_ctxt": "", 
    "x_path": "//*[@*='postinginfo'][contains(.,'Posted')]/time/@datetime", 
    "processors": "", 
    "scraped_obj_attr": 21, 
    "scraper": 1, 
    "from_detail_page": true, 
    "mandatory": true, 
    "reg_exp": ""
  }
},
{
  "pk": 19, 
  "model": "dynamic_scraper.scraperelem", 
  "fields": {
    "proc_ctxt": "", 
    "x_path": "//*[@*='cltags']/comment()[contains(.,'xstreet0')] | //*[@*='cltags']/comment()[contains(.,'xstreet1')]", 
    "processors": "", 
    "scraped_obj_attr": 6, 
    "scraper": 1, 
    "from_detail_page": true, 
    "mandatory": true, 
    "reg_exp": "=(.+)\\s+-->"
  }
},
{
  "pk": 20, 
  "model": "dynamic_scraper.scraperelem", 
  "fields": {
    "proc_ctxt": "", 
    "x_path": "//div[@class='details']", 
    "processors": "", 
    "scraped_obj_attr": 1, 
    "scraper": 3, 
    "from_detail_page": false, 
    "mandatory": true, 
    "reg_exp": ""
  }
},
{
  "pk": 21, 
  "model": "dynamic_scraper.scraperelem", 
  "fields": {
    "proc_ctxt": "'func':'nextlanding_api.apps.web_scraper.scrapy.processors.pre_url_from_ref_object'",
    "x_path": "h5/a/@href", 
    "processors": "dynamic", 
    "scraped_obj_attr": 4, 
    "scraper": 3, 
    "from_detail_page": false, 
    "mandatory": true, 
    "reg_exp": ""
  }
},
{
  "pk": 22, 
  "model": "dynamic_scraper.scraperelem", 
  "fields": {
    "proc_ctxt": "", 
    "x_path": "//div/*[contains(@*,'details')]//h1/text()", 
    "processors": "", 
    "scraped_obj_attr": 2, 
    "scraper": 3, 
    "from_detail_page": true, 
    "mandatory": true, 
    "reg_exp": ""
  }
},
{
  "pk": 23, 
  "model": "dynamic_scraper.scraperelem", 
  "fields": {
    "proc_ctxt": "'func':'nextlanding_api.apps.web_scraper.scrapy.processors.pre_url_from_ref_object'",
    "x_path": "//*[contains(text(),'Listed at')]/a[last()]/@href", 
    "processors": "dynamic", 
    "scraped_obj_attr": 18, 
    "scraper": 3, 
    "from_detail_page": true, 
    "mandatory": true, 
    "reg_exp": ""
  }
},
{
  "pk": 24, 
  "model": "dynamic_scraper.scraperelem", 
  "fields": {
    "proc_ctxt": "", 
    "x_path": "//div[@class='description']//text()", 
    "processors": "", 
    "scraped_obj_attr": 3, 
    "scraper": 3, 
    "from_detail_page": true, 
    "mandatory": true, 
    "reg_exp": ""
  }
},
{
  "pk": 25, 
  "model": "dynamic_scraper.scraperelem", 
  "fields": {
    "proc_ctxt": "", 
    "x_path": "//*[@*='price_stats']/text()", 
    "processors": "", 
    "scraped_obj_attr": 21, 
    "scraper": 3, 
    "from_detail_page": true, 
    "mandatory": true, 
    "reg_exp": "(\\d+\\s+\\w+)"
  }
},
{
  "pk": 26, 
  "model": "dynamic_scraper.scraperelem", 
  "fields": {
    "proc_ctxt": "", 
    "x_path": "/html/head/meta[@name='geo.placename']/@content", 
    "processors": "", 
    "scraped_obj_attr": 22, 
    "scraper": 3, 
    "from_detail_page": true, 
    "mandatory": true, 
    "reg_exp": ""
  }
},
{
  "pk": 27, 
  "model": "dynamic_scraper.scraperelem", 
  "fields": {
    "proc_ctxt": "", 
    "x_path": "//*/*[contains(@*,'labels_80')]/dt[last()]/text()", 
    "processors": "", 
    "scraped_obj_attr": 5, 
    "scraper": 3, 
    "from_detail_page": true, 
    "mandatory": false, 
    "reg_exp": ""
  }
},
{
  "pk": 28, 
  "model": "dynamic_scraper.scraperelem", 
  "fields": {
    "proc_ctxt": "", 
    "x_path": "/html/head/meta[@name='geo.position']/@content", 
    "processors": "", 
    "scraped_obj_attr": 11, 
    "scraper": 3, 
    "from_detail_page": true, 
    "mandatory": true, 
    "reg_exp": "(.*);"
  }
},
{
  "pk": 29, 
  "model": "dynamic_scraper.scraperelem", 
  "fields": {
    "proc_ctxt": "", 
    "x_path": "/html/head/meta[@name='geo.position']/@content", 
    "processors": "", 
    "scraped_obj_attr": 12, 
    "scraper": 3, 
    "from_detail_page": true, 
    "mandatory": true, 
    "reg_exp": ";\\s+(.*)"
  }
},
{
  "pk": 30, 
  "model": "dynamic_scraper.scraperelem", 
  "fields": {
    "proc_ctxt": "", 
    "x_path": "string(count(//*[contains(@*,'nofee')])= 0)", 
    "processors": "", 
    "scraped_obj_attr": 17, 
    "scraper": 3, 
    "from_detail_page": true, 
    "mandatory": true, 
    "reg_exp": ""
  }
},
{
  "pk": 31, 
  "model": "dynamic_scraper.scraperelem", 
  "fields": {
    "proc_ctxt": "", 
    "x_path": "//section[@class='description split_in_thirds']/table[@class='clean_table legible']", 
    "processors": "", 
    "scraped_obj_attr": 23, 
    "scraper": 3, 
    "from_detail_page": true, 
    "mandatory": true, 
    "reg_exp": ""
  }
},
{
  "pk": 32, 
  "model": "dynamic_scraper.scraperelem", 
  "fields": {
    "proc_ctxt": "", 
    "x_path": "//section[@class='details with_images']/div[@class='right_half']/div[@class='left_half']/text()", 
    "processors": "", 
    "scraped_obj_attr": 13, 
    "scraper": 3, 
    "from_detail_page": true, 
    "mandatory": true, 
    "reg_exp": ""
  }
},
{
  "pk": 33, 
  "model": "dynamic_scraper.scraperelem", 
  "fields": {
    "proc_ctxt": "", 
    "x_path": "//section[@class='details with_images']/div[@class='right_half']/div[@class='left_half']/text()", 
    "processors": "", 
    "scraped_obj_attr": 14, 
    "scraper": 3, 
    "from_detail_page": true, 
    "mandatory": true, 
    "reg_exp": ""
  }
},
{
  "pk": 34, 
  "model": "dynamic_scraper.scraperelem", 
  "fields": {
    "proc_ctxt": "", 
    "x_path": "//section[@class='details with_images']/div[@class='right_half']/div[@class='left_half']/text()", 
    "processors": "", 
    "scraped_obj_attr": 15, 
    "scraper": 3, 
    "from_detail_page": true, 
    "mandatory": true, 
    "reg_exp": ""
  }
},
{
  "pk": 35, 
  "model": "dynamic_scraper.scraperelem", 
  "fields": {
    "proc_ctxt": "", 
    "x_path": "(//*[contains(@class,'price')])[1]/text()", 
    "processors": "", 
    "scraped_obj_attr": 16, 
    "scraper": 3, 
    "from_detail_page": true, 
    "mandatory": true, 
    "reg_exp": ""
  }
},
{
  "pk": 38, 
  "model": "dynamic_scraper.scraperelem", 
  "fields": {
    "proc_ctxt": "", 
    "x_path": "//*[@*='content']//h1/text()", 
    "processors": "", 
    "scraped_obj_attr": 18, 
    "scraper": 2, 
    "from_detail_page": true, 
    "mandatory": true, 
    "reg_exp": ""
  }
},
{
  "pk": 39, 
  "model": "dynamic_scraper.scraperelem", 
  "fields": {
    "proc_ctxt": "'func':'nextlanding_api.apps.web_scraper.scrapy.processors.composite_func','funcs':('nextlanding_api.apps.web_scraper.scrapy.processors.replace','nextlanding_api.apps.web_scraper.scrapy.processors.split_reverse','nextlanding_api.apps.web_scraper.scrapy.processors.pre_string','nextlanding_api.apps.web_scraper.scrapy.processors.post_string'),'replace':{'linkToEmail(':'',\"'\":'',')':'','-':',','SE.':''},'pre_string':'fromCharCode(','post_string':')','split_reverse':','",
    "x_path": "//*[@*='contact_info']/script/text()", 
    "processors": "dynamic", 
    "scraped_obj_attr": 20, 
    "scraper": 2, 
    "from_detail_page": true, 
    "mandatory": true, 
    "reg_exp": ""
  }
},
{
  "pk": 40, 
  "model": "dynamic_scraper.scraperelem", 
  "fields": {
    "proc_ctxt": "", 
    "x_path": "//*[@*='contact_info']//text()", 
    "processors": "", 
    "scraped_obj_attr": 19, 
    "scraper": 2, 
    "from_detail_page": true, 
    "mandatory": true, 
    "reg_exp": ""
  }
},
{
  "pk": 41, 
  "model": "dynamic_scraper.scraperelem", 
  "fields": {
    "proc_ctxt": "", 
    "x_path": "//url", 
    "processors": "", 
    "scraped_obj_attr": 1, 
    "scraper": 4, 
    "from_detail_page": false, 
    "mandatory": true, 
    "reg_exp": ""
  }
},
{
  "pk": 42, 
  "model": "dynamic_scraper.scraperelem", 
  "fields": {
    "proc_ctxt": "", 
    "x_path": "//div[@id='description']/text()", 
    "processors": "", 
    "scraped_obj_attr": 3, 
    "scraper": 4, 
    "from_detail_page": true, 
    "mandatory": true, 
    "reg_exp": ""
  }
},
{
  "pk": 43, 
  "model": "dynamic_scraper.scraperelem", 
  "fields": {
    "proc_ctxt": "", 
    "x_path": "loc/text()", 
    "processors": "", 
    "scraped_obj_attr": 4, 
    "scraper": 4, 
    "from_detail_page": false, 
    "mandatory": true, 
    "reg_exp": ""
  }
},
{
  "pk": 44, 
  "model": "dynamic_scraper.scraperelem", 
  "fields": {
    "proc_ctxt": "", 
    "x_path": "//div[@class='wrapper']/h1/text()", 
    "processors": "", 
    "scraped_obj_attr": 2, 
    "scraper": 4, 
    "from_detail_page": true, 
    "mandatory": false, 
    "reg_exp": ""
  }
},
{
  "pk": 45, 
  "model": "dynamic_scraper.scraperelem", 
  "fields": {
    "proc_ctxt": "", 
    "x_path": "//div[@id='summary']//h5[text()='Price']/following-sibling::text()", 
    "processors": "", 
    "scraped_obj_attr": 16, 
    "scraper": 4, 
    "from_detail_page": true, 
    "mandatory": true, 
    "reg_exp": ""
  }
},
{
  "pk": 46, 
  "model": "dynamic_scraper.scraperelem", 
  "fields": {
    "proc_ctxt": "", 
    "x_path": "//div[@id='summary']//h5[text()='Bedrooms']/following-sibling::text()", 
    "processors": "", 
    "scraped_obj_attr": 13, 
    "scraper": 4, 
    "from_detail_page": true, 
    "mandatory": true, 
    "reg_exp": ""
  }
},
{
  "pk": 47, 
  "model": "dynamic_scraper.scraperelem", 
  "fields": {
    "proc_ctxt": "", 
    "x_path": "//div[@id='summary']//h5[text()='Bathrooms']/following-sibling::text()", 
    "processors": "", 
    "scraped_obj_attr": 14, 
    "scraper": 4, 
    "from_detail_page": true, 
    "mandatory": true, 
    "reg_exp": "(\\d)\\sfull"
  }
},
{
  "pk": 48, 
  "model": "dynamic_scraper.scraperelem", 
  "fields": {
    "proc_ctxt": "", 
    "x_path": "boolean(//div[@id='summary']//h5[text()='Broker Fee?']/ancestor::li[contains(.,'Yes')])", 
    "processors": "", 
    "scraped_obj_attr": 17, 
    "scraper": 4, 
    "from_detail_page": true, 
    "mandatory": true, 
    "reg_exp": ""
  }
},
{
  "pk": 49, 
  "model": "dynamic_scraper.scraperelem", 
  "fields": {
    "proc_ctxt": "", 
    "x_path": "//li[@id='contact_email']", 
    "processors": "", 
    "scraped_obj_attr": 20, 
    "scraper": 4, 
    "from_detail_page": true, 
    "mandatory": false,
    "reg_exp": ""
  }
},
{
  "pk": 50, 
  "model": "dynamic_scraper.scraperelem", 
  "fields": {
    "proc_ctxt": "", 
    "x_path": "//li[@id='contact_phone']", 
    "processors": "", 
    "scraped_obj_attr": 19, 
    "scraper": 4, 
    "from_detail_page": true,
    "mandatory": false,
    "reg_exp": ""
  }
},
{
  "pk": 54, 
  "model": "dynamic_scraper.scraperelem", 
  "fields": {
    "proc_ctxt": "", 
    "x_path": "//li[@id='contact_name']/text()", 
    "processors": "", 
    "scraped_obj_attr": 18, 
    "scraper": 4, 
    "from_detail_page": true, 
    "mandatory": false,
    "reg_exp": ""
  }
},
{
  "pk": 55, 
  "model": "dynamic_scraper.scraperelem", 
  "fields": {
    "proc_ctxt": "", 
    "x_path": "//div[@id='summary']//h5[text()='Address']/following-sibling::text()", 
    "processors": "", 
    "scraped_obj_attr": 22, 
    "scraper": 4, 
    "from_detail_page": true, 
    "mandatory": true, 
    "reg_exp": ""
  }
},
{
  "pk": 56, 
  "model": "dynamic_scraper.scraperelem", 
  "fields": {
    "proc_ctxt": "", 
    "x_path": "lastmod/text()", 
    "processors": "", 
    "scraped_obj_attr": 5, 
    "scraper": 4, 
    "from_detail_page": false, 
    "mandatory": false, 
    "reg_exp": ""
  }
},
{
  "pk": 57, 
  "model": "dynamic_scraper.scraperelem", 
  "fields": {
    "proc_ctxt": "", 
    "x_path": "lastmod/text()", 
    "processors": "", 
    "scraped_obj_attr": 21, 
    "scraper": 4, 
    "from_detail_page": false, 
    "mandatory": false,
    "reg_exp": ""
  }
},
{
  "pk": 58, 
  "model": "dynamic_scraper.scraperelem", 
  "fields": {
    "proc_ctxt": "", 
    "x_path": "/html/head/script[3]/text()", 
    "processors": "", 
    "scraped_obj_attr": 11, 
    "scraper": 4, 
    "from_detail_page": true, 
    "mandatory": true, 
    "reg_exp": "\"latitude\":(-*\\d+\\.\\d+)"
  }
},
{
  "pk": 59, 
  "model": "dynamic_scraper.scraperelem", 
  "fields": {
    "proc_ctxt": "", 
    "x_path": "/html/head/script[3]/text()", 
    "processors": "", 
    "scraped_obj_attr": 12, 
    "scraper": 4, 
    "from_detail_page": true, 
    "mandatory": true, 
    "reg_exp": "\"longitude\":(-*\\d+\\.\\d+)"
  }
},
{
  "pk": 60, 
  "model": "dynamic_scraper.scraperelem", 
  "fields": {
    "proc_ctxt": "", 
    "x_path": "//input[@class='anonemail']/@value", 
    "processors": "", 
    "scraped_obj_attr": 20, 
    "scraper": 5, 
    "from_detail_page": true, 
    "mandatory": true, 
    "reg_exp": ""
  }
},
{
  "pk": 1, 
  "model": "dynamic_scraper.schedulerruntime", 
  "fields": {
    "next_action_factor": 4.552, 
    "next_action_time": "2013-12-11T02:27:09.387Z", 
    "num_zero_actions": 0, 
    "runtime_type": "S"
  }
},
{
  "pk": 2, 
  "model": "dynamic_scraper.schedulerruntime", 
  "fields": {
    "next_action_factor": null, 
    "next_action_time": "2013-09-09T21:21:30Z", 
    "num_zero_actions": 0, 
    "runtime_type": "S"
  }
},
{
  "pk": 3, 
  "model": "dynamic_scraper.schedulerruntime", 
  "fields": {
    "next_action_factor": null, 
    "next_action_time": "2013-09-09T21:21:37Z", 
    "num_zero_actions": 0, 
    "runtime_type": "S"
  }
},
{
  "pk": 4, 
  "model": "dynamic_scraper.schedulerruntime", 
  "fields": {
    "next_action_factor": 4.0, 
    "next_action_time": "2013-06-10T21:43:19Z", 
    "num_zero_actions": 3, 
    "runtime_type": "S"
  }
},
{
  "pk": 5, 
  "model": "dynamic_scraper.schedulerruntime", 
  "fields": {
    "next_action_factor": null, 
    "next_action_time": "2013-12-11T20:44:44.549Z", 
    "num_zero_actions": 0, 
    "runtime_type": "C"
  }
},
{
  "pk": 6, 
  "model": "dynamic_scraper.schedulerruntime", 
  "fields": {
    "next_action_factor": null, 
    "next_action_time": "2013-12-11T20:44:44.656Z", 
    "num_zero_actions": 0, 
    "runtime_type": "C"
  }
},
{
  "pk": 7, 
  "model": "dynamic_scraper.schedulerruntime", 
  "fields": {
    "next_action_factor": null, 
    "next_action_time": "2013-12-11T20:44:44.820Z", 
    "num_zero_actions": 0, 
    "runtime_type": "C"
  }
},
{
  "pk": 8, 
  "model": "dynamic_scraper.schedulerruntime", 
  "fields": {
    "next_action_factor": null, 
    "next_action_time": "2013-12-11T20:44:44.897Z", 
    "num_zero_actions": 0, 
    "runtime_type": "C"
  }
},
{
  "pk": 9, 
  "model": "dynamic_scraper.schedulerruntime", 
  "fields": {
    "next_action_factor": null, 
    "next_action_time": "2013-12-11T20:44:44.947Z", 
    "num_zero_actions": 0, 
    "runtime_type": "C"
  }
},
{
  "pk": 10, 
  "model": "dynamic_scraper.schedulerruntime", 
  "fields": {
    "next_action_factor": null, 
    "next_action_time": "2013-12-11T20:44:45.852Z", 
    "num_zero_actions": 0, 
    "runtime_type": "C"
  }
},
{
  "pk": 11, 
  "model": "dynamic_scraper.schedulerruntime", 
  "fields": {
    "next_action_factor": null, 
    "next_action_time": "2013-12-11T20:44:46.162Z", 
    "num_zero_actions": 0, 
    "runtime_type": "C"
  }
},
{
  "pk": 12, 
  "model": "dynamic_scraper.schedulerruntime", 
  "fields": {
    "next_action_factor": null, 
    "next_action_time": "2013-12-11T20:44:46.277Z", 
    "num_zero_actions": 0, 
    "runtime_type": "C"
  }
},
{
  "pk": 13, 
  "model": "dynamic_scraper.schedulerruntime", 
  "fields": {
    "next_action_factor": null, 
    "next_action_time": "2013-12-11T20:44:46.314Z", 
    "num_zero_actions": 0, 
    "runtime_type": "C"
  }
},
{
  "pk": 14, 
  "model": "dynamic_scraper.schedulerruntime", 
  "fields": {
    "next_action_factor": null, 
    "next_action_time": "2013-12-11T20:44:46.516Z", 
    "num_zero_actions": 0, 
    "runtime_type": "C"
  }
},
{
  "pk": 15, 
  "model": "dynamic_scraper.schedulerruntime", 
  "fields": {
    "next_action_factor": null, 
    "next_action_time": "2013-12-11T20:44:46.663Z", 
    "num_zero_actions": 0, 
    "runtime_type": "C"
  }
},
{
  "pk": 16, 
  "model": "dynamic_scraper.schedulerruntime", 
  "fields": {
    "next_action_factor": null, 
    "next_action_time": "2013-12-11T20:44:47.359Z", 
    "num_zero_actions": 0, 
    "runtime_type": "C"
  }
},
{
  "pk": 17, 
  "model": "dynamic_scraper.schedulerruntime", 
  "fields": {
    "next_action_factor": null, 
    "next_action_time": "2013-12-11T20:44:47.729Z", 
    "num_zero_actions": 0, 
    "runtime_type": "C"
  }
},
{
  "pk": 18, 
  "model": "dynamic_scraper.schedulerruntime", 
  "fields": {
    "next_action_factor": null, 
    "next_action_time": "2013-12-11T20:44:48.329Z", 
    "num_zero_actions": 0, 
    "runtime_type": "C"
  }
},
{
  "pk": 19, 
  "model": "dynamic_scraper.schedulerruntime", 
  "fields": {
    "next_action_factor": null, 
    "next_action_time": "2013-12-11T20:44:48.492Z", 
    "num_zero_actions": 0, 
    "runtime_type": "C"
  }
},
{
  "pk": 20, 
  "model": "dynamic_scraper.schedulerruntime", 
  "fields": {
    "next_action_factor": null, 
    "next_action_time": "2013-12-11T22:36:26.795Z", 
    "num_zero_actions": 0, 
    "runtime_type": "C"
  }
},
{
  "pk": 21, 
  "model": "dynamic_scraper.schedulerruntime", 
  "fields": {
    "next_action_factor": null, 
    "next_action_time": "2013-12-11T22:36:31.969Z", 
    "num_zero_actions": 0, 
    "runtime_type": "C"
  }
},
{
  "pk": 22, 
  "model": "dynamic_scraper.schedulerruntime", 
  "fields": {
    "next_action_factor": null, 
    "next_action_time": "2013-12-12T00:25:01.144Z", 
    "num_zero_actions": 0, 
    "runtime_type": "C"
  }
},
{
  "pk": 23, 
  "model": "dynamic_scraper.schedulerruntime", 
  "fields": {
    "next_action_factor": null, 
    "next_action_time": "2013-12-12T00:30:38.361Z", 
    "num_zero_actions": 0, 
    "runtime_type": "C"
  }
},
{
  "pk": 24, 
  "model": "dynamic_scraper.schedulerruntime", 
  "fields": {
    "next_action_factor": null, 
    "next_action_time": "2013-12-12T00:30:38.517Z", 
    "num_zero_actions": 0, 
    "runtime_type": "C"
  }
},
{
  "pk": 25, 
  "model": "dynamic_scraper.schedulerruntime", 
  "fields": {
    "next_action_factor": null, 
    "next_action_time": "2013-12-12T00:30:43.846Z", 
    "num_zero_actions": 0, 
    "runtime_type": "C"
  }
},
{
  "pk": 26, 
  "model": "dynamic_scraper.schedulerruntime", 
  "fields": {
    "next_action_factor": null, 
    "next_action_time": "2013-12-12T00:30:49.080Z", 
    "num_zero_actions": 0, 
    "runtime_type": "C"
  }
},
{
  "pk": 27, 
  "model": "dynamic_scraper.schedulerruntime", 
  "fields": {
    "next_action_factor": null, 
    "next_action_time": "2013-12-12T00:50:46.116Z", 
    "num_zero_actions": 0, 
    "runtime_type": "C"
  }
},
{
  "pk": 28, 
  "model": "dynamic_scraper.schedulerruntime", 
  "fields": {
    "next_action_factor": null, 
    "next_action_time": "2013-12-12T00:50:56.496Z", 
    "num_zero_actions": 0, 
    "runtime_type": "C"
  }
},
{
  "pk": 29, 
  "model": "dynamic_scraper.schedulerruntime", 
  "fields": {
    "next_action_factor": null, 
    "next_action_time": "2013-12-12T00:50:56.696Z", 
    "num_zero_actions": 0, 
    "runtime_type": "C"
  }
},
{
  "pk": 30, 
  "model": "dynamic_scraper.schedulerruntime", 
  "fields": {
    "next_action_factor": null, 
    "next_action_time": "2013-12-12T00:50:56.787Z", 
    "num_zero_actions": 0, 
    "runtime_type": "C"
  }
},
{
  "pk": 31, 
  "model": "dynamic_scraper.schedulerruntime", 
  "fields": {
    "next_action_factor": null, 
    "next_action_time": "2013-12-12T00:50:56.870Z", 
    "num_zero_actions": 0, 
    "runtime_type": "C"
  }
},
{
  "pk": 32, 
  "model": "dynamic_scraper.schedulerruntime", 
  "fields": {
    "next_action_factor": null, 
    "next_action_time": "2013-12-12T00:50:57.721Z", 
    "num_zero_actions": 0, 
    "runtime_type": "C"
  }
},
{
  "pk": 33, 
  "model": "dynamic_scraper.schedulerruntime", 
  "fields": {
    "next_action_factor": null, 
    "next_action_time": "2013-12-12T00:50:57.758Z", 
    "num_zero_actions": 0, 
    "runtime_type": "C"
  }
},
{
  "pk": 34, 
  "model": "dynamic_scraper.schedulerruntime", 
  "fields": {
    "next_action_factor": null, 
    "next_action_time": "2013-12-12T00:51:08.338Z", 
    "num_zero_actions": 0, 
    "runtime_type": "C"
  }
},
{
  "pk": 35, 
  "model": "dynamic_scraper.schedulerruntime", 
  "fields": {
    "next_action_factor": null, 
    "next_action_time": "2013-12-12T00:51:08.369Z", 
    "num_zero_actions": 0, 
    "runtime_type": "C"
  }
},
{
  "pk": 36, 
  "model": "dynamic_scraper.schedulerruntime", 
  "fields": {
    "next_action_factor": null, 
    "next_action_time": "2013-12-12T00:51:08.393Z", 
    "num_zero_actions": 0, 
    "runtime_type": "C"
  }
},
{
  "pk": 37, 
  "model": "dynamic_scraper.schedulerruntime", 
  "fields": {
    "next_action_factor": null, 
    "next_action_time": "2013-12-12T01:12:20.812Z", 
    "num_zero_actions": 0, 
    "runtime_type": "C"
  }
},
{
  "pk": 38, 
  "model": "dynamic_scraper.schedulerruntime", 
  "fields": {
    "next_action_factor": null, 
    "next_action_time": "2013-12-12T01:18:48.209Z", 
    "num_zero_actions": 0, 
    "runtime_type": "C"
  }
},
{
  "pk": 39, 
  "model": "dynamic_scraper.schedulerruntime", 
  "fields": {
    "next_action_factor": null, 
    "next_action_time": "2013-12-12T01:18:58.456Z", 
    "num_zero_actions": 0, 
    "runtime_type": "C"
  }
},
{
  "pk": 40, 
  "model": "dynamic_scraper.schedulerruntime", 
  "fields": {
    "next_action_factor": null, 
    "next_action_time": "2013-12-12T01:19:08.727Z", 
    "num_zero_actions": 0, 
    "runtime_type": "C"
  }
},
{
  "pk": 41, 
  "model": "dynamic_scraper.schedulerruntime", 
  "fields": {
    "next_action_factor": null, 
    "next_action_time": "2013-12-12T01:19:14.171Z", 
    "num_zero_actions": 0, 
    "runtime_type": "C"
  }
},
{
  "pk": 42, 
  "model": "dynamic_scraper.schedulerruntime", 
  "fields": {
    "next_action_factor": null, 
    "next_action_time": "2013-12-12T01:19:14.193Z", 
    "num_zero_actions": 0, 
    "runtime_type": "C"
  }
},
{
  "pk": 43, 
  "model": "dynamic_scraper.schedulerruntime", 
  "fields": {
    "next_action_factor": null, 
    "next_action_time": "2013-12-12T01:19:14.287Z", 
    "num_zero_actions": 0, 
    "runtime_type": "C"
  }
},
{
  "pk": 1, 
  "model": "listing_source.listingsource", 
  "fields": {
    "url": "http://newyork.craigslist.org/aap/", 
    "name": "Craigslist New York", 
    "trusted_geo_data": false
  }
},
{
  "pk": 2, 
  "model": "listing_source.listingsource", 
  "fields": {
    "url": "http://streeteasy.com/nyc/profile/", 
    "name": "StreetEasy Contact Page", 
    "trusted_geo_data": false
  }
},
{
  "pk": 3, 
  "model": "listing_source.listingsource", 
  "fields": {
    "url": "http://streeteasy.com/nyc/rentals/nyc/rental_type:frbo,brokernofee,brokerfee?sort_by=listed_desc", 
    "name": "StreetEasy", 
    "trusted_geo_data": true
  }
},
{
  "pk": 4, 
  "model": "listing_source.listingsource", 
  "fields": {
    "url": "http://www.padlister.com/sitemap/listings", 
    "name": "PadLister", 
    "trusted_geo_data": true
  }
},
{
  "pk": 5, 
  "model": "listing_source.listingsource", 
  "fields": {
    "url": "http://newyork.craigslist.org/", 
    "name": "Craigslist New York Contact Page", 
    "trusted_geo_data": false
  }
},
  {
    "pk": 1,
    "model": "web_scraper.listingsourcescraperconfig",
    "fields": {
      "scraper_runtime": 1,
      "scraper": 1
    }
  },
  {
    "pk": 2,
    "model": "web_scraper.listingsourcescraperconfig",
    "fields": {
      "scraper_runtime": 2,
      "scraper": 2
    }
  },
  {
    "pk": 3,
    "model": "web_scraper.listingsourcescraperconfig",
    "fields": {
      "scraper_runtime": 3,
      "scraper": 3
    }
  },
  {
    "pk": 4,
    "model": "web_scraper.listingsourcescraperconfig",
    "fields": {
      "scraper_runtime": 4,
      "scraper": 4
    }
  },
  {
    "pk": 5,
    "model": "web_scraper.listingsourcescraperconfig",
    "fields": {
      "scraper_runtime": 5,
      "scraper": 5
    }
  }
]
